2024-05-23 23:48:41,"{""humidity"": ""59.2"""," ""temperature"": ""22.2"""," ""pressure"": ""1016.7"""," ""voc"": ""5.9""}"
2024-05-23 23:49:29,"{""humidity"": ""59.4"""," ""temperature"": ""22.3"""," ""pressure"": ""1016.7"""," ""voc"": ""11.4""}"
2024-05-23 23:50:16,"{""humidity"": ""58.2"""," ""temperature"": ""22.5"""," ""pressure"": ""1016.7"""," ""voc"": ""15.9""}"
2024-05-23 23:51:04,"{""humidity"": ""58.0"""," ""temperature"": ""22.6"""," ""pressure"": ""1016.7"""," ""voc"": ""19.7""}"
2024-05-23 23:51:51,"{""humidity"": ""58.1"""," ""temperature"": ""22.6"""," ""pressure"": ""1016.7"""," ""voc"": ""22.8""}"
2024-05-23 23:52:38,"{""humidity"": ""58.2"""," ""temperature"": ""22.6"""," ""pressure"": ""1016.7"""," ""voc"": ""25.9""}"
2024-05-23 23:53:26,"{""humidity"": ""58.4"""," ""temperature"": ""22.6"""," ""pressure"": ""1016.7"""," ""voc"": ""28.1""}"
2024-05-23 23:54:13,"{""humidity"": ""58.4"""," ""temperature"": ""22.5"""," ""pressure"": ""1016.7"""," ""voc"": ""30.4""}"
2024-05-23 23:55:01,"{""humidity"": ""58.5"""," ""temperature"": ""22.5"""," ""pressure"": ""1016.7"""," ""voc"": ""32.4""}"
2024-05-23 23:55:48,"{""humidity"": ""58.7"""," ""temperature"": ""22.4"""," ""pressure"": ""1016.7"""," ""voc"": ""34.2""}"
2024-05-23 23:56:36,"{""humidity"": ""58.7"""," ""temperature"": ""22.4"""," ""pressure"": ""1016.6"""," ""voc"": ""36.0""}"
2024-05-23 23:57:23,"{""humidity"": ""58.7"""," ""temperature"": ""22.4"""," ""pressure"": ""1016.7"""," ""voc"": ""37.2""}"
2024-05-23 23:58:10,"{""humidity"": ""58.7"""," ""temperature"": ""22.3"""," ""pressure"": ""1016.6"""," ""voc"": ""38.8""}"
2024-05-23 23:58:58,"{""humidity"": ""58.9"""," ""temperature"": ""22.3"""," ""pressure"": ""1016.6"""," ""voc"": ""40.2""}"
2024-05-23 23:59:45,"{""humidity"": ""58.9"""," ""temperature"": ""22.3"""," ""pressure"": ""1016.6"""," ""voc"": ""41.1""}"
2024-05-24 00:01:03,"{""humidity"": ""58.9"""," ""temperature"": ""22.3"""," ""pressure"": ""1016.7"""," ""voc"": ""42.2""}"
2024-05-24 00:01:50,"{""humidity"": ""59.2"""," ""temperature"": ""22.3"""," ""pressure"": ""1016.7"""," ""voc"": ""39.5""}"
2024-05-24 00:02:38,"{""humidity"": ""59.1"""," ""temperature"": ""22.3"""," ""pressure"": ""1016.7"""," ""voc"": ""41.8""}"
2024-05-24 00:03:25,"{""humidity"": ""59.2"""," ""temperature"": ""22.4"""," ""pressure"": ""1016.7"""," ""voc"": ""43.5""}"
2024-05-24 00:04:12,"{""humidity"": ""59.1"""," ""temperature"": ""22.4"""," ""pressure"": ""1016.7"""," ""voc"": ""44.5""}"
2024-05-24 00:05:00,"{""humidity"": ""59.1"""," ""temperature"": ""22.4"""," ""pressure"": ""1016.7"""," ""voc"": ""45.4""}"
2024-05-24 00:05:47,"{""humidity"": ""59.3"""," ""temperature"": ""22.4"""," ""pressure"": ""1016.7"""," ""voc"": ""46.1""}"
2024-05-24 13:28:48,"{""humidity"": ""48.2"""," ""temperature"": ""21.9"""," ""pressure"": ""1018.9"""," ""voc"": ""4.8""}"
2024-05-24 13:29:35,"{""humidity"": ""52.7"""," ""temperature"": ""20.7"""," ""pressure"": ""1018.9"""," ""voc"": ""10.9""}"
2024-05-24 13:30:23,"{""humidity"": ""55.1"""," ""temperature"": ""17.9"""," ""pressure"": ""1019.0"""," ""voc"": ""19.2""}"
2024-05-24 13:31:10,"{""humidity"": ""58.1"""," ""temperature"": ""15.5"""," ""pressure"": ""1019.0"""," ""voc"": ""27.2""}"
2024-05-24 13:31:57,"{""humidity"": ""60.8"""," ""temperature"": ""13.6"""," ""pressure"": ""1019.0"""," ""voc"": ""34.5""}"
2024-05-24 13:32:45,"{""humidity"": ""63.8"""," ""temperature"": ""12.0"""," ""pressure"": ""1019.1"""," ""voc"": ""40.7""}"
2024-05-24 13:33:34,"{""humidity"": ""66.2"""," ""temperature"": ""10.7"""," ""pressure"": ""1019.1"""," ""voc"": ""46.4""}"
2024-05-24 13:34:21,"{""humidity"": ""67.4"""," ""temperature"": ""9.7"""," ""pressure"": ""1019.1"""," ""voc"": ""51.2""}"
2024-05-24 13:35:08,"{""humidity"": ""67.0"""," ""temperature"": ""8.8"""," ""pressure"": ""1019.1"""," ""voc"": ""56.5""}"
2024-05-24 13:35:56,"{""humidity"": ""67.4"""," ""temperature"": ""8.1"""," ""pressure"": ""1019.1"""," ""voc"": ""60.8""}"
2024-05-24 13:36:43,"{""humidity"": ""68.1"""," ""temperature"": ""7.6"""," ""pressure"": ""1019.1"""," ""voc"": ""64.1""}"
2024-05-24 13:37:31,"{""humidity"": ""68.8"""," ""temperature"": ""7.1"""," ""pressure"": ""1019.1"""," ""voc"": ""67.2""}"
2024-05-24 13:38:18,"{""humidity"": ""69.2"""," ""temperature"": ""6.8"""," ""pressure"": ""1019.1"""," ""voc"": ""70.4""}"
2024-05-24 13:39:06,"{""humidity"": ""69.7"""," ""temperature"": ""6.5"""," ""pressure"": ""1019.1"""," ""voc"": ""73.3""}"
2024-05-24 13:39:53,"{""humidity"": ""70.1"""," ""temperature"": ""6.3"""," ""pressure"": ""1019.1"""," ""voc"": ""75.5""}"
2024-05-24 13:40:40,"{""humidity"": ""70.4"""," ""temperature"": ""6.1"""," ""pressure"": ""1019.1"""," ""voc"": ""77.9""}"
2024-05-24 13:41:28,"{""humidity"": ""70.5"""," ""temperature"": ""5.9"""," ""pressure"": ""1019.1"""," ""voc"": ""80.3""}"
2024-05-24 13:42:15,"{""humidity"": ""70.0"""," ""temperature"": ""5.8"""," ""pressure"": ""1019.2"""," ""voc"": ""82.3""}"
2024-05-24 13:43:33,"{""humidity"": ""69.0"""," ""temperature"": ""5.6"""," ""pressure"": ""1019.1"""," ""voc"": ""84.8""}"
2024-05-24 13:44:20,"{""humidity"": ""63.5"""," ""temperature"": ""5.4"""," ""pressure"": ""1019.1"""," ""voc"": ""83.9""}"
2024-05-24 13:45:08,"{""humidity"": ""62.4"""," ""temperature"": ""5.1"""," ""pressure"": ""1019.1"""," ""voc"": ""89.6""}"
2024-05-24 13:45:55,"{""humidity"": ""61.5"""," ""temperature"": ""4.9"""," ""pressure"": ""1019.1"""," ""voc"": ""92.5""}"
2024-05-24 13:46:42,"{""humidity"": ""61.0"""," ""temperature"": ""4.7"""," ""pressure"": ""1019.1"""," ""voc"": ""94.9""}"
2024-05-24 13:47:30,"{""humidity"": ""60.8"""," ""temperature"": ""4.5"""," ""pressure"": ""1019.0"""," ""voc"": ""94.6""}"
2024-05-24 13:48:17,"{""humidity"": ""61.0"""," ""temperature"": ""4.4"""," ""pressure"": ""1019.0"""," ""voc"": ""96.1""}"
2024-05-24 13:49:05,"{""humidity"": ""61.4"""," ""temperature"": ""4.4"""," ""pressure"": ""1019.0"""," ""voc"": ""97.7""}"
2024-05-24 13:49:52,"{""humidity"": ""61.8"""," ""temperature"": ""4.3"""," ""pressure"": ""1019.0"""," ""voc"": ""98.7""}"
2024-05-24 13:50:40,"{""humidity"": ""62.3"""," ""temperature"": ""4.3"""," ""pressure"": ""1019.0"""," ""voc"": ""99.9""}"
2024-05-24 13:51:27,"{""humidity"": ""62.9"""," ""temperature"": ""4.3"""," ""pressure"": ""1019.0"""," ""voc"": ""99.6""}"
2024-05-24 13:52:14,"{""humidity"": ""63.6"""," ""temperature"": ""4.3"""," ""pressure"": ""1019.0"""," ""voc"": ""99.4""}"
2024-05-24 13:53:02,"{""humidity"": ""64.2"""," ""temperature"": ""4.3"""," ""pressure"": ""1019.0"""," ""voc"": ""100.3""}"
2024-05-24 13:53:49,"{""humidity"": ""64.9"""," ""temperature"": ""4.3"""," ""pressure"": ""1019.0"""," ""voc"": ""99.9""}"
2024-05-24 13:54:37,"{""humidity"": ""65.5"""," ""temperature"": ""4.3"""," ""pressure"": ""1019.1"""," ""voc"": ""100.1""}"
2024-05-24 13:55:24,"{""humidity"": ""66.0"""," ""temperature"": ""4.4"""," ""pressure"": ""1019.0"""," ""voc"": ""99.8""}"
2024-05-24 13:56:12,"{""humidity"": ""66.4"""," ""temperature"": ""4.4"""," ""pressure"": ""1019.0"""," ""voc"": ""100.4""}"
2024-05-24 13:56:59,"{""humidity"": ""66.7"""," ""temperature"": ""4.5"""," ""pressure"": ""1019.0"""," ""voc"": ""100.5""}"
2024-05-24 13:58:16,"{""humidity"": ""67.0"""," ""temperature"": ""4.5"""," ""pressure"": ""1019.0"""," ""voc"": ""100.5""}"
2024-05-24 13:59:04,"{""humidity"": ""67.4"""," ""temperature"": ""4.6"""," ""pressure"": ""1019.0"""," ""voc"": ""95.5""}"
2024-05-24 13:59:51,"{""humidity"": ""67.2"""," ""temperature"": ""4.6"""," ""pressure"": ""1019.0"""," ""voc"": ""97.7""}"
2024-05-24 14:00:39,"{""humidity"": ""66.0"""," ""temperature"": ""4.6"""," ""pressure"": ""1018.9"""," ""voc"": ""99.4""}"
2024-05-24 14:01:26,"{""humidity"": ""63.1"""," ""temperature"": ""4.6"""," ""pressure"": ""1018.9"""," ""voc"": ""102.1""}"
2024-05-24 14:02:14,"{""humidity"": ""59.4"""," ""temperature"": ""4.5"""," ""pressure"": ""1018.9"""," ""voc"": ""105.7""}"
2024-05-24 14:03:01,"{""humidity"": ""57.1"""," ""temperature"": ""4.3"""," ""pressure"": ""1018.9"""," ""voc"": ""108.6""}"
2024-05-24 14:03:48,"{""humidity"": ""56.1"""," ""temperature"": ""4.2"""," ""pressure"": ""1018.9"""," ""voc"": ""109.2""}"
2024-05-24 14:04:36,"{""humidity"": ""55.8"""," ""temperature"": ""4.1"""," ""pressure"": ""1018.9"""," ""voc"": ""109.8""}"
2024-05-24 14:05:23,"{""humidity"": ""56.0"""," ""temperature"": ""4.0"""," ""pressure"": ""1018.9"""," ""voc"": ""111.7""}"
2024-05-24 14:06:11,"{""humidity"": ""56.4"""," ""temperature"": ""3.9"""," ""pressure"": ""1018.9"""," ""voc"": ""112.2""}"
2024-05-24 14:06:58,"{""humidity"": ""57.0"""," ""temperature"": ""3.9"""," ""pressure"": ""1019.0"""," ""voc"": ""110.1""}"
2024-05-24 14:07:46,"{""humidity"": ""57.8"""," ""temperature"": ""3.8"""," ""pressure"": ""1019.0"""," ""voc"": ""112.3""}"
2024-05-24 14:08:33,"{""humidity"": ""58.6"""," ""temperature"": ""3.8"""," ""pressure"": ""1019.0"""," ""voc"": ""111.0""}"
2024-05-24 14:09:20,"{""humidity"": ""59.5"""," ""temperature"": ""3.8"""," ""pressure"": ""1019.1"""," ""voc"": ""110.2""}"
2024-05-24 14:10:08,"{""humidity"": ""60.3"""," ""temperature"": ""3.8"""," ""pressure"": ""1019.1"""," ""voc"": ""111.4""}"
2024-05-24 14:10:55,"{""humidity"": ""61.1"""," ""temperature"": ""3.9"""," ""pressure"": ""1019.1"""," ""voc"": ""110.8""}"
2024-05-24 14:11:43,"{""humidity"": ""61.9"""," ""temperature"": ""3.9"""," ""pressure"": ""1019.1"""," ""voc"": ""107.8""}"
2024-05-24 14:12:30,"{""humidity"": ""62.7"""," ""temperature"": ""4.0"""," ""pressure"": ""1019.0"""," ""voc"": ""107.6""}"
2024-05-24 14:13:48,"{""humidity"": ""63.5"""," ""temperature"": ""4.0"""," ""pressure"": ""1019.0"""," ""voc"": ""108.5""}"
2024-05-24 14:14:35,"{""humidity"": ""64.7"""," ""temperature"": ""4.1"""," ""pressure"": ""1019.0"""," ""voc"": ""101.3""}"
2024-05-24 14:15:22,"{""humidity"": ""65.1"""," ""temperature"": ""4.1"""," ""pressure"": ""1019.0"""," ""voc"": ""103.5""}"
2024-05-24 14:16:10,"{""humidity"": ""65.5"""," ""temperature"": ""4.2"""," ""pressure"": ""1018.9"""," ""voc"": ""104.2""}"
2024-05-24 14:16:57,"{""humidity"": ""65.8"""," ""temperature"": ""4.3"""," ""pressure"": ""1018.9"""," ""voc"": ""104.9""}"
2024-05-24 14:17:45,"{""humidity"": ""66.1"""," ""temperature"": ""4.3"""," ""pressure"": ""1018.9"""," ""voc"": ""104.4""}"
2024-05-24 14:18:32,"{""humidity"": ""66.0"""," ""temperature"": ""4.3"""," ""pressure"": ""1018.9"""," ""voc"": ""104.5""}"
2024-05-24 14:19:20,"{""humidity"": ""65.0"""," ""temperature"": ""4.4"""," ""pressure"": ""1018.9"""," ""voc"": ""105.3""}"
2024-05-24 14:20:07,"{""humidity"": ""62.3"""," ""temperature"": ""4.3"""," ""pressure"": ""1018.9"""," ""voc"": ""107.4""}"
2024-05-24 14:20:54,"{""humidity"": ""58.5"""," ""temperature"": ""4.2"""," ""pressure"": ""1018.8"""," ""voc"": ""110.0""}"
2024-05-24 14:21:42,"{""humidity"": ""56.1"""," ""temperature"": ""4.1"""," ""pressure"": ""1018.8"""," ""voc"": ""110.8""}"
2024-05-24 14:22:29,"{""humidity"": ""54.9"""," ""temperature"": ""4.0"""," ""pressure"": ""1018.8"""," ""voc"": ""113.8""}"
2024-05-24 14:23:17,"{""humidity"": ""54.6"""," ""temperature"": ""3.9"""," ""pressure"": ""1018.8"""," ""voc"": ""114.1""}"
2024-05-24 14:24:04,"{""humidity"": ""54.6"""," ""temperature"": ""3.8"""," ""pressure"": ""1018.8"""," ""voc"": ""113.7""}"
2024-05-24 14:24:52,"{""humidity"": ""55.1"""," ""temperature"": ""3.7"""," ""pressure"": ""1018.7"""," ""voc"": ""114.3""}"
2024-05-24 14:25:39,"{""humidity"": ""55.7"""," ""temperature"": ""3.7"""," ""pressure"": ""1018.7"""," ""voc"": ""115.0""}"
2024-05-24 14:26:26,"{""humidity"": ""56.5"""," ""temperature"": ""3.6"""," ""pressure"": ""1018.7"""," ""voc"": ""115.2""}"
2024-05-24 14:27:14,"{""humidity"": ""57.3"""," ""temperature"": ""3.6"""," ""pressure"": ""1018.7"""," ""voc"": ""114.5""}"
2024-05-24 14:28:31,"{""humidity"": ""58.1"""," ""temperature"": ""3.6"""," ""pressure"": ""1018.6"""," ""voc"": ""112.8""}"
2024-05-24 14:29:19,"{""humidity"": ""59.9"""," ""temperature"": ""3.6"""," ""pressure"": ""1018.6"""," ""voc"": ""105.7""}"
2024-05-24 14:30:06,"{""humidity"": ""60.6"""," ""temperature"": ""3.7"""," ""pressure"": ""1018.6"""," ""voc"": ""108.9""}"
2024-05-24 14:30:54,"{""humidity"": ""61.5"""," ""temperature"": ""3.7"""," ""pressure"": ""1018.5"""," ""voc"": ""108.9""}"
2024-05-24 14:31:41,"{""humidity"": ""62.2"""," ""temperature"": ""3.8"""," ""pressure"": ""1018.5"""," ""voc"": ""107.8""}"
2024-05-24 14:32:28,"{""humidity"": ""63.0"""," ""temperature"": ""3.8"""," ""pressure"": ""1018.5"""," ""voc"": ""108.5""}"
2024-05-24 14:33:16,"{""humidity"": ""63.6"""," ""temperature"": ""3.9"""," ""pressure"": ""1018.5"""," ""voc"": ""108.3""}"
2024-05-24 14:34:03,"{""humidity"": ""64.2"""," ""temperature"": ""3.9"""," ""pressure"": ""1018.5"""," ""voc"": ""105.8""}"
2024-05-24 14:34:51,"{""humidity"": ""64.6"""," ""temperature"": ""4.0"""," ""pressure"": ""1018.5"""," ""voc"": ""107.4""}"
2024-05-24 14:35:38,"{""humidity"": ""65.0"""," ""temperature"": ""4.1"""," ""pressure"": ""1018.5"""," ""voc"": ""107.1""}"
2024-05-24 14:36:26,"{""humidity"": ""65.3"""," ""temperature"": ""4.1"""," ""pressure"": ""1018.5"""," ""voc"": ""107.2""}"
2024-05-24 14:37:13,"{""humidity"": ""65.5"""," ""temperature"": ""4.2"""," ""pressure"": ""1018.4"""," ""voc"": ""106.5""}"
2024-05-24 14:38:01,"{""humidity"": ""65.5"""," ""temperature"": ""4.2"""," ""pressure"": ""1018.4"""," ""voc"": ""105.5""}"
2024-05-24 14:38:48,"{""humidity"": ""64.3"""," ""temperature"": ""4.3"""," ""pressure"": ""1018.4"""," ""voc"": ""107.3""}"
2024-05-24 14:39:35,"{""humidity"": ""61.3"""," ""temperature"": ""4.2"""," ""pressure"": ""1018.4"""," ""voc"": ""109.4""}"
2024-05-24 14:40:23,"{""humidity"": ""57.9"""," ""temperature"": ""4.1"""," ""pressure"": ""1018.4"""," ""voc"": ""111.6""}"
2024-05-24 14:41:10,"{""humidity"": ""55.4"""," ""temperature"": ""4.0"""," ""pressure"": ""1018.3"""," ""voc"": ""113.0""}"
2024-05-24 14:41:58,"{""humidity"": ""54.2"""," ""temperature"": ""3.8"""," ""pressure"": ""1018.3"""," ""voc"": ""114.4""}"
2024-05-24 14:43:15,"{""humidity"": ""53.8"""," ""temperature"": ""3.7"""," ""pressure"": ""1018.3"""," ""voc"": ""113.2""}"
2024-05-24 14:44:03,"{""humidity"": ""54.3"""," ""temperature"": ""3.6"""," ""pressure"": ""1018.3"""," ""voc"": ""106.5""}"
2024-05-24 14:44:50,"{""humidity"": ""55.0"""," ""temperature"": ""3.5"""," ""pressure"": ""1018.3"""," ""voc"": ""111.0""}"
2024-05-24 14:45:37,"{""humidity"": ""55.7"""," ""temperature"": ""3.5"""," ""pressure"": ""1018.3"""," ""voc"": ""111.6""}"
2024-05-24 14:46:25,"{""humidity"": ""56.5"""," ""temperature"": ""3.5"""," ""pressure"": ""1018.3"""," ""voc"": ""112.2""}"
2024-05-24 14:47:12,"{""humidity"": ""57.4"""," ""temperature"": ""3.5"""," ""pressure"": ""1018.3"""," ""voc"": ""111.3""}"
2024-05-24 14:48:00,"{""humidity"": ""58.2"""," ""temperature"": ""3.5"""," ""pressure"": ""1018.3"""," ""voc"": ""112.2""}"
2024-05-24 14:48:47,"{""humidity"": ""59.1"""," ""temperature"": ""3.5"""," ""pressure"": ""1018.3"""," ""voc"": ""110.4""}"
2024-05-24 14:49:35,"{""humidity"": ""59.9"""," ""temperature"": ""3.6"""," ""pressure"": ""1018.3"""," ""voc"": ""111.1""}"
2024-05-24 14:50:22,"{""humidity"": ""60.7"""," ""temperature"": ""3.6"""," ""pressure"": ""1018.3"""," ""voc"": ""110.8""}"
2024-05-24 14:51:09,"{""humidity"": ""61.5"""," ""temperature"": ""3.7"""," ""pressure"": ""1018.3"""," ""voc"": ""108.0""}"
2024-05-24 14:51:57,"{""humidity"": ""62.3"""," ""temperature"": ""3.7"""," ""pressure"": ""1018.3"""," ""voc"": ""108.3""}"
2024-05-24 14:52:44,"{""humidity"": ""62.9"""," ""temperature"": ""3.8"""," ""pressure"": ""1018.3"""," ""voc"": ""108.3""}"
2024-05-24 14:53:32,"{""humidity"": ""63.5"""," ""temperature"": ""3.8"""," ""pressure"": ""1018.3"""," ""voc"": ""107.1""}"
2024-05-24 14:54:19,"{""humidity"": ""64.0"""," ""temperature"": ""3.9"""," ""pressure"": ""1018.3"""," ""voc"": ""106.9""}"
2024-05-24 14:55:07,"{""humidity"": ""64.4"""," ""temperature"": ""4.0"""," ""pressure"": ""1018.3"""," ""voc"": ""106.3""}"
2024-05-24 14:55:54,"{""humidity"": ""64.7"""," ""temperature"": ""4.0"""," ""pressure"": ""1018.3"""," ""voc"": ""104.4""}"
2024-05-24 14:56:41,"{""humidity"": ""65.0"""," ""temperature"": ""4.1"""," ""pressure"": ""1018.3"""," ""voc"": ""105.3""}"
2024-05-24 14:57:29,"{""humidity"": ""65.2"""," ""temperature"": ""4.1"""," ""pressure"": ""1018.3"""," ""voc"": ""105.9""}"
2024-05-24 14:58:46,"{""humidity"": ""65.1"""," ""temperature"": ""4.2"""," ""pressure"": ""1018.3"""," ""voc"": ""105.1""}"
2024-05-24 14:59:34,"{""humidity"": ""61.0"""," ""temperature"": ""4.2"""," ""pressure"": ""1018.3"""," ""voc"": ""100.1""}"
2024-05-24 15:00:21,"{""humidity"": ""57.3"""," ""temperature"": ""4.1"""," ""pressure"": ""1018.3"""," ""voc"": ""106.5""}"
2024-05-24 15:01:09,"{""humidity"": ""54.9"""," ""temperature"": ""4.0"""," ""pressure"": ""1018.3"""," ""voc"": ""108.9""}"
2024-05-24 15:01:56,"{""humidity"": ""53.7"""," ""temperature"": ""3.8"""," ""pressure"": ""1018.2"""," ""voc"": ""109.0""}"
2024-05-24 15:02:43,"{""humidity"": ""53.3"""," ""temperature"": ""3.7"""," ""pressure"": ""1018.2"""," ""voc"": ""112.3""}"
2024-05-24 15:03:31,"{""humidity"": ""53.4"""," ""temperature"": ""3.6"""," ""pressure"": ""1018.2"""," ""voc"": ""111.2""}"
2024-05-24 15:04:18,"{""humidity"": ""53.8"""," ""temperature"": ""3.5"""," ""pressure"": ""1018.2"""," ""voc"": ""111.9""}"
2024-05-24 15:05:06,"{""humidity"": ""54.5"""," ""temperature"": ""3.5"""," ""pressure"": ""1018.2"""," ""voc"": ""112.3""}"
2024-05-24 15:05:53,"{""humidity"": ""55.2"""," ""temperature"": ""3.4"""," ""pressure"": ""1018.2"""," ""voc"": ""111.7""}"
2024-05-24 15:06:41,"{""humidity"": ""56.1"""," ""temperature"": ""3.4"""," ""pressure"": ""1018.2"""," ""voc"": ""111.5""}"
2024-05-24 15:07:28,"{""humidity"": ""56.9"""," ""temperature"": ""3.4"""," ""pressure"": ""1018.2"""," ""voc"": ""111.1""}"
2024-05-24 15:08:15,"{""humidity"": ""57.8"""," ""temperature"": ""3.5"""," ""pressure"": ""1018.2"""," ""voc"": ""111.1""}"
2024-05-24 15:09:03,"{""humidity"": ""58.7"""," ""temperature"": ""3.5"""," ""pressure"": ""1018.2"""," ""voc"": ""109.7""}"
2024-05-24 15:09:50,"{""humidity"": ""59.5"""," ""temperature"": ""3.5"""," ""pressure"": ""1018.2"""," ""voc"": ""110.0""}"
2024-05-24 15:10:38,"{""humidity"": ""60.4"""," ""temperature"": ""3.6"""," ""pressure"": ""1018.2"""," ""voc"": ""107.8""}"
2024-05-24 15:11:25,"{""humidity"": ""61.2"""," ""temperature"": ""3.6"""," ""pressure"": ""1018.2"""," ""voc"": ""108.2""}"
2024-05-24 15:12:13,"{""humidity"": ""61.9"""," ""temperature"": ""3.7"""," ""pressure"": ""1018.2"""," ""voc"": ""105.7""}"
2024-05-24 15:13:30,"{""humidity"": ""62.6"""," ""temperature"": ""3.8"""," ""pressure"": ""1018.2"""," ""voc"": ""105.7""}"
2024-05-24 15:14:17,"{""humidity"": ""63.8"""," ""temperature"": ""3.8"""," ""pressure"": ""1018.2"""," ""voc"": ""97.6""}"
2024-05-24 15:15:05,"{""humidity"": ""64.1"""," ""temperature"": ""3.9"""," ""pressure"": ""1018.2"""," ""voc"": ""101.5""}"
2024-05-24 15:15:52,"{""humidity"": ""64.4"""," ""temperature"": ""4.0"""," ""pressure"": ""1018.2"""," ""voc"": ""102.4""}"
2024-05-24 15:16:40,"{""humidity"": ""64.7"""," ""temperature"": ""4.0"""," ""pressure"": ""1018.2"""," ""voc"": ""102.8""}"
2024-05-24 15:17:27,"{""humidity"": ""64.9"""," ""temperature"": ""4.1"""," ""pressure"": ""1018.2"""," ""voc"": ""102.8""}"
2024-05-24 15:18:15,"{""humidity"": ""64.4"""," ""temperature"": ""4.1"""," ""pressure"": ""1018.2"""," ""voc"": ""102.3""}"
2024-05-24 15:19:02,"{""humidity"": ""62.4"""," ""temperature"": ""4.1"""," ""pressure"": ""1018.2"""," ""voc"": ""102.3""}"
2024-05-24 15:19:49,"{""humidity"": ""58.9"""," ""temperature"": ""4.1"""," ""pressure"": ""1018.2"""," ""voc"": ""106.0""}"
2024-05-24 15:20:37,"{""humidity"": ""55.9"""," ""temperature"": ""3.9"""," ""pressure"": ""1018.2"""," ""voc"": ""108.8""}"
2024-05-24 15:21:24,"{""humidity"": ""54.1"""," ""temperature"": ""3.8"""," ""pressure"": ""1018.2"""," ""voc"": ""109.2""}"
2024-05-24 15:22:12,"{""humidity"": ""53.4"""," ""temperature"": ""3.7"""," ""pressure"": ""1018.2"""," ""voc"": ""111.3""}"
2024-05-24 15:22:59,"{""humidity"": ""53.2"""," ""temperature"": ""3.6"""," ""pressure"": ""1018.2"""," ""voc"": ""110.9""}"
2024-05-24 15:23:47,"{""humidity"": ""53.5"""," ""temperature"": ""3.5"""," ""pressure"": ""1018.2"""," ""voc"": ""110.3""}"
2024-05-24 15:24:34,"{""humidity"": ""54.0"""," ""temperature"": ""3.4"""," ""pressure"": ""1018.2"""," ""voc"": ""110.7""}"
2024-05-24 15:25:21,"{""humidity"": ""54.6"""," ""temperature"": ""3.4"""," ""pressure"": ""1018.2"""," ""voc"": ""110.0""}"
2024-05-24 15:26:09,"{""humidity"": ""55.4"""," ""temperature"": ""3.4"""," ""pressure"": ""1018.3"""," ""voc"": ""109.9""}"
2024-05-24 15:26:56,"{""humidity"": ""56.3"""," ""temperature"": ""3.4"""," ""pressure"": ""1018.3"""," ""voc"": ""111.0""}"
2024-05-24 15:28:14,"{""humidity"": ""57.2"""," ""temperature"": ""3.4"""," ""pressure"": ""1018.3"""," ""voc"": ""108.5""}"
2024-05-24 15:29:01,"{""humidity"": ""59.0"""," ""temperature"": ""3.4"""," ""pressure"": ""1018.3"""," ""voc"": ""100.9""}"
2024-05-24 15:29:49,"{""humidity"": ""59.8"""," ""temperature"": ""3.5"""," ""pressure"": ""1018.3"""," ""voc"": ""102.8""}"
2024-05-24 15:30:36,"{""humidity"": ""60.6"""," ""temperature"": ""3.5"""," ""pressure"": ""1018.2"""," ""voc"": ""104.0""}"
2024-05-24 15:31:23,"{""humidity"": ""61.3"""," ""temperature"": ""3.6"""," ""pressure"": ""1018.2"""," ""voc"": ""104.1""}"
2024-05-24 15:32:11,"{""humidity"": ""62.0"""," ""temperature"": ""3.6"""," ""pressure"": ""1018.2"""," ""voc"": ""105.6""}"
2024-05-24 15:32:58,"{""humidity"": ""62.6"""," ""temperature"": ""3.7"""," ""pressure"": ""1018.2"""," ""voc"": ""102.1""}"
2024-05-24 15:33:46,"{""humidity"": ""63.2"""," ""temperature"": ""3.8"""," ""pressure"": ""1018.2"""," ""voc"": ""102.9""}"
2024-05-24 15:34:33,"{""humidity"": ""63.6"""," ""temperature"": ""3.8"""," ""pressure"": ""1018.2"""," ""voc"": ""101.5""}"
2024-05-24 15:35:21,"{""humidity"": ""64.0"""," ""temperature"": ""3.9"""," ""pressure"": ""1018.2"""," ""voc"": ""102.8""}"
2024-05-24 15:36:08,"{""humidity"": ""64.3"""," ""temperature"": ""4.0"""," ""pressure"": ""1018.3"""," ""voc"": ""102.6""}"
2024-05-24 15:36:55,"{""humidity"": ""64.6"""," ""temperature"": ""4.0"""," ""pressure"": ""1018.3"""," ""voc"": ""102.1""}"
2024-05-24 15:37:43,"{""humidity"": ""64.7"""," ""temperature"": ""4.1"""," ""pressure"": ""1018.2"""," ""voc"": ""101.5""}"
2024-05-24 15:38:30,"{""humidity"": ""64.1"""," ""temperature"": ""4.1"""," ""pressure"": ""1018.3"""," ""voc"": ""101.1""}"
2024-05-24 15:39:18,"{""humidity"": ""61.8"""," ""temperature"": ""4.1"""," ""pressure"": ""1018.3"""," ""voc"": ""102.9""}"
2024-05-24 15:40:05,"{""humidity"": ""58.4"""," ""temperature"": ""4.0"""," ""pressure"": ""1018.3"""," ""voc"": ""103.0""}"
2024-05-24 15:40:53,"{""humidity"": ""55.6"""," ""temperature"": ""3.9"""," ""pressure"": ""1018.3"""," ""voc"": ""105.9""}"
2024-05-24 15:41:40,"{""humidity"": ""53.9"""," ""temperature"": ""3.8"""," ""pressure"": ""1018.3"""," ""voc"": ""108.2""}"
2024-05-24 15:42:28,"{""humidity"": ""53.2"""," ""temperature"": ""3.7"""," ""pressure"": ""1018.3"""," ""voc"": ""106.5""}"
2024-05-24 15:43:45,"{""humidity"": ""53.2"""," ""temperature"": ""3.6"""," ""pressure"": ""1018.3"""," ""voc"": ""107.7""}"
2024-05-24 15:44:32,"{""humidity"": ""54.0"""," ""temperature"": ""3.5"""," ""pressure"": ""1018.3"""," ""voc"": ""102.3""}"
2024-05-24 15:45:20,"{""humidity"": ""54.7"""," ""temperature"": ""3.4"""," ""pressure"": ""1018.3"""," ""voc"": ""104.7""}"
2024-05-24 15:46:07,"{""humidity"": ""55.4"""," ""temperature"": ""3.4"""," ""pressure"": ""1018.3"""," ""voc"": ""106.3""}"
2024-05-24 15:46:55,"{""humidity"": ""56.2"""," ""temperature"": ""3.4"""," ""pressure"": ""1018.3"""," ""voc"": ""106.0""}"
2024-05-24 15:47:42,"{""humidity"": ""57.1"""," ""temperature"": ""3.4"""," ""pressure"": ""1018.3"""," ""voc"": ""106.7""}"
2024-05-24 15:48:30,"{""humidity"": ""58.0"""," ""temperature"": ""3.4"""," ""pressure"": ""1018.3"""," ""voc"": ""104.8""}"
2024-05-24 15:49:17,"{""humidity"": ""58.8"""," ""temperature"": ""3.4"""," ""pressure"": ""1018.3"""," ""voc"": ""104.4""}"
